/*
Deployment script for AutotinklasDB

This code was generated by a tool.
Changes to this file may cause incorrect behavior and will be lost if
the code is regenerated.
*/

GO
SET ANSI_NULLS, ANSI_PADDING, ANSI_WARNINGS, ARITHABORT, CONCAT_NULL_YIELDS_NULL, QUOTED_IDENTIFIER ON;

SET NUMERIC_ROUNDABORT OFF;


GO
:setvar DatabaseName "AutotinklasDB"
:setvar DefaultFilePrefix "AutotinklasDB"
:setvar DefaultDataPath "C:\Program Files\Microsoft SQL Server\MSSQL11.MSSQLSERVER\MSSQL\DATA\"
:setvar DefaultLogPath "C:\Program Files\Microsoft SQL Server\MSSQL11.MSSQLSERVER\MSSQL\DATA\"

GO
:on error exit
GO
/*
Detect SQLCMD mode and disable script execution if SQLCMD mode is not supported.
To re-enable the script after enabling SQLCMD mode, execute the following:
SET NOEXEC OFF; 
*/
:setvar __IsSqlCmdEnabled "True"
GO
IF N'$(__IsSqlCmdEnabled)' NOT LIKE N'True'
    BEGIN
        PRINT N'SQLCMD mode must be enabled to successfully execute this script.';
        SET NOEXEC ON;
    END


GO
IF EXISTS (SELECT 1
           FROM   [master].[dbo].[sysdatabases]
           WHERE  [name] = N'$(DatabaseName)')
    BEGIN
        ALTER DATABASE [$(DatabaseName)]
            SET ANSI_NULLS ON,
                ANSI_PADDING ON,
                ANSI_WARNINGS ON,
                ARITHABORT ON,
                CONCAT_NULL_YIELDS_NULL ON,
                QUOTED_IDENTIFIER ON,
                ANSI_NULL_DEFAULT ON,
                CURSOR_DEFAULT LOCAL 
            WITH ROLLBACK IMMEDIATE;
    END


GO
IF EXISTS (SELECT 1
           FROM   [master].[dbo].[sysdatabases]
           WHERE  [name] = N'$(DatabaseName)')
    BEGIN
        ALTER DATABASE [$(DatabaseName)]
            SET PAGE_VERIFY NONE 
            WITH ROLLBACK IMMEDIATE;
    END


GO
USE [$(DatabaseName)];


GO
PRINT N'Creating [dbo].[Autodalies_uzsakymas]...';


GO
CREATE TABLE [dbo].[Autodalies_uzsakymas] (
    [id]           INT IDENTITY (1, 1) NOT NULL,
    [kiekis]       INT NULL,
    [fk_autodalis] INT NULL,
    [fk_uzsakymas] INT NULL,
    CONSTRAINT [PK_Autodalies_uzsakymas] PRIMARY KEY CLUSTERED ([id] ASC)
);


GO
PRINT N'Creating [dbo].[Autodalis]...';


GO
CREATE TABLE [dbo].[Autodalis] (
    [id]            INT           IDENTITY (1, 1) NOT NULL,
    [pavadinimas]   NVARCHAR (50) NULL,
    [kaina]         FLOAT (53)    NULL,
    [gamintojas]    NVARCHAR (50) NULL,
    [fk_parduotuve] INT           NULL,
    CONSTRAINT [PK_Autodalis] PRIMARY KEY CLUSTERED ([id] ASC)
);


GO
PRINT N'Creating [dbo].[Automobilis]...';


GO
CREATE TABLE [dbo].[Automobilis] (
    [valstybinis_numeris] NVARCHAR (6)  NOT NULL,
    [kebulo_tipas]        NVARCHAR (50) NULL,
    [kebulo_numeris]      NVARCHAR (50) NULL,
    [metai]               NVARCHAR (4)  NULL,
    [fk_modelis]          INT           NULL,
    CONSTRAINT [PK_Automobilis] PRIMARY KEY CLUSTERED ([valstybinis_numeris] ASC)
);


GO
PRINT N'Creating [dbo].[Darbuotojas]...';


GO
CREATE TABLE [dbo].[Darbuotojas] (
    [id]           INT            IDENTITY (1, 1) NOT NULL,
    [pavarde]      NVARCHAR (MAX) NULL,
    [vardas]       NVARCHAR (MAX) NULL,
    [adresas]      NVARCHAR (MAX) NULL,
    [telefonas]    NVARCHAR (50)  NULL,
    [fk_Padalinys] INT            NULL,
    CONSTRAINT [PK_Darbuotojas] PRIMARY KEY CLUSTERED ([id] ASC)
);


GO
PRINT N'Creating [dbo].[Gedimas]...';


GO
CREATE TABLE [dbo].[Gedimas] (
    [id]           INT            IDENTITY (1, 1) NOT NULL,
    [pavadinimas]  NVARCHAR (MAX) NULL,
    [fk_uzsakymas] INT            NULL,
    CONSTRAINT [PK_Gedimas] PRIMARY KEY CLUSTERED ([id] ASC)
);


GO
PRINT N'Creating [dbo].[Login]...';


GO
CREATE TABLE [dbo].[Login] (
    [id]       INT           NOT NULL,
    [username] NVARCHAR (50) NULL,
    [password] VARCHAR (50)  NULL,
    [role]     INT           NULL,
    CONSTRAINT [PK_Login] PRIMARY KEY CLUSTERED ([id] ASC)
);


GO
PRINT N'Creating [dbo].[Marke]...';


GO
CREATE TABLE [dbo].[Marke] (
    [id]          INT           IDENTITY (1, 1) NOT NULL,
    [pavadinimas] NVARCHAR (50) NULL,
    CONSTRAINT [PK_Marke] PRIMARY KEY CLUSTERED ([id] ASC)
);


GO
PRINT N'Creating [dbo].[Modelis]...';


GO
CREATE TABLE [dbo].[Modelis] (
    [id]          INT           IDENTITY (1, 1) NOT NULL,
    [pavadinimas] NVARCHAR (50) NULL,
    [fk_marke]    INT           NULL,
    CONSTRAINT [PK_Modelis] PRIMARY KEY CLUSTERED ([id] ASC)
);


GO
PRINT N'Creating [dbo].[Padalinys]...';


GO
CREATE TABLE [dbo].[Padalinys] (
    [id]      INT            IDENTITY (1, 1) NOT NULL,
    [adresas] NVARCHAR (MAX) NULL,
    [miestas] NVARCHAR (MAX) NULL,
    CONSTRAINT [PK_Padalinys1] PRIMARY KEY CLUSTERED ([id] ASC)
);


GO
PRINT N'Creating [dbo].[Pakaitinis_automobilis]...';


GO
CREATE TABLE [dbo].[Pakaitinis_automobilis] (
    [valstybinis_numeris] NVARCHAR (6) NOT NULL,
    [metai]               NVARCHAR (4) NULL,
    [degalu_kiekis]       INT          NULL,
    [fk_modelis]          INT          NULL,
    [fk_padalinys]        INT          NULL,
    CONSTRAINT [PK_Pakaitinis_automobilis] PRIMARY KEY CLUSTERED ([valstybinis_numeris] ASC)
);


GO
PRINT N'Creating [dbo].[Parduotuve]...';


GO
CREATE TABLE [dbo].[Parduotuve] (
    [id]          INT           IDENTITY (1, 1) NOT NULL,
    [pavadinimas] NVARCHAR (50) NULL,
    [miestas]     NVARCHAR (50) NULL,
    [adresas]     NVARCHAR (50) NULL,
    CONSTRAINT [PK_Parduotuve] PRIMARY KEY CLUSTERED ([id] ASC)
);


GO
PRINT N'Creating [dbo].[Saskaita]...';


GO
CREATE TABLE [dbo].[Saskaita] (
    [saskaitos_numeris] NVARCHAR (50) NOT NULL,
    [data]              DATE          NULL,
    [suma]              FLOAT (53)    NULL,
    [fk_uzsakymas]      INT           NULL,
    CONSTRAINT [PK_Saskaita] PRIMARY KEY CLUSTERED ([saskaitos_numeris] ASC)
);


GO
PRINT N'Creating [dbo].[Uzsakymas]...';


GO
CREATE TABLE [dbo].[Uzsakymas] (
    [uzsakymo_nr]               INT           IDENTITY (1, 1) NOT NULL,
    [data]                      DATE          NULL,
    [kliento_vardas]            NVARCHAR (50) NULL,
    [kliento_pavarde]           NVARCHAR (50) NULL,
    [kliento_telefonas]         NVARCHAR (50) NULL,
    [fk_meistras]               INT           NULL,
    [fk_automobilis]            NVARCHAR (6)  NULL,
    [fk_pakaitinis_automobilis] NVARCHAR (6)  NULL,
    CONSTRAINT [PK_Uzsakymas] PRIMARY KEY CLUSTERED ([uzsakymo_nr] ASC)
);


GO
PRINT N'Creating [dbo].[FK_Autodalies_uzsakymas_Autodalis]...';


GO
ALTER TABLE [dbo].[Autodalies_uzsakymas] WITH NOCHECK
    ADD CONSTRAINT [FK_Autodalies_uzsakymas_Autodalis] FOREIGN KEY ([fk_autodalis]) REFERENCES [dbo].[Autodalis] ([id]);


GO
PRINT N'Creating [dbo].[FK_Autodalies_uzsakymas_Uzsakymas]...';


GO
ALTER TABLE [dbo].[Autodalies_uzsakymas] WITH NOCHECK
    ADD CONSTRAINT [FK_Autodalies_uzsakymas_Uzsakymas] FOREIGN KEY ([fk_uzsakymas]) REFERENCES [dbo].[Uzsakymas] ([uzsakymo_nr]);


GO
PRINT N'Creating [dbo].[FK_Autodalis_Parduotuve]...';


GO
ALTER TABLE [dbo].[Autodalis] WITH NOCHECK
    ADD CONSTRAINT [FK_Autodalis_Parduotuve] FOREIGN KEY ([fk_parduotuve]) REFERENCES [dbo].[Parduotuve] ([id]);


GO
PRINT N'Creating [dbo].[FK_Automobilis_Modelis]...';


GO
ALTER TABLE [dbo].[Automobilis] WITH NOCHECK
    ADD CONSTRAINT [FK_Automobilis_Modelis] FOREIGN KEY ([fk_modelis]) REFERENCES [dbo].[Modelis] ([id]);


GO
PRINT N'Creating [dbo].[FK_Darbuotojas_Padalinys]...';


GO
ALTER TABLE [dbo].[Darbuotojas] WITH NOCHECK
    ADD CONSTRAINT [FK_Darbuotojas_Padalinys] FOREIGN KEY ([fk_Padalinys]) REFERENCES [dbo].[Padalinys] ([id]);


GO
PRINT N'Creating [dbo].[FK_Gedimas_Uzsakymas]...';


GO
ALTER TABLE [dbo].[Gedimas] WITH NOCHECK
    ADD CONSTRAINT [FK_Gedimas_Uzsakymas] FOREIGN KEY ([fk_uzsakymas]) REFERENCES [dbo].[Uzsakymas] ([uzsakymo_nr]);


GO
PRINT N'Creating [dbo].[FK_Modelis_Marke]...';


GO
ALTER TABLE [dbo].[Modelis] WITH NOCHECK
    ADD CONSTRAINT [FK_Modelis_Marke] FOREIGN KEY ([fk_marke]) REFERENCES [dbo].[Marke] ([id]);


GO
PRINT N'Creating [dbo].[FK_Pakaitinis_automobilis_Modelis]...';


GO
ALTER TABLE [dbo].[Pakaitinis_automobilis] WITH NOCHECK
    ADD CONSTRAINT [FK_Pakaitinis_automobilis_Modelis] FOREIGN KEY ([fk_modelis]) REFERENCES [dbo].[Modelis] ([id]);


GO
PRINT N'Creating [dbo].[FK_Pakaitinis_automobilis_Padalinys]...';


GO
ALTER TABLE [dbo].[Pakaitinis_automobilis] WITH NOCHECK
    ADD CONSTRAINT [FK_Pakaitinis_automobilis_Padalinys] FOREIGN KEY ([fk_padalinys]) REFERENCES [dbo].[Padalinys] ([id]);


GO
PRINT N'Creating [dbo].[FK_Saskaita_Uzsakymas]...';


GO
ALTER TABLE [dbo].[Saskaita] WITH NOCHECK
    ADD CONSTRAINT [FK_Saskaita_Uzsakymas] FOREIGN KEY ([fk_uzsakymas]) REFERENCES [dbo].[Uzsakymas] ([uzsakymo_nr]);


GO
PRINT N'Creating [dbo].[FK_Uzsakymas_Automobilis]...';


GO
ALTER TABLE [dbo].[Uzsakymas] WITH NOCHECK
    ADD CONSTRAINT [FK_Uzsakymas_Automobilis] FOREIGN KEY ([fk_automobilis]) REFERENCES [dbo].[Automobilis] ([valstybinis_numeris]);


GO
PRINT N'Creating [dbo].[FK_Uzsakymas_Darbuotojas]...';


GO
ALTER TABLE [dbo].[Uzsakymas] WITH NOCHECK
    ADD CONSTRAINT [FK_Uzsakymas_Darbuotojas] FOREIGN KEY ([fk_meistras]) REFERENCES [dbo].[Darbuotojas] ([id]);


GO
PRINT N'Creating [dbo].[FK_Uzsakymas_Pakaitinis_automobilis]...';


GO
ALTER TABLE [dbo].[Uzsakymas] WITH NOCHECK
    ADD CONSTRAINT [FK_Uzsakymas_Pakaitinis_automobilis] FOREIGN KEY ([fk_pakaitinis_automobilis]) REFERENCES [dbo].[Pakaitinis_automobilis] ([valstybinis_numeris]);


GO
/*
Post-Deployment Script Template							
--------------------------------------------------------------------------------------
 This file contains SQL statements that will be appended to the build script.		
 Use SQLCMD syntax to include a file in the post-deployment script.			
 Example:      :r .\myfile.sql								
 Use SQLCMD syntax to reference a variable in the post-deployment script.		
 Example:      :setvar TableName MyTable							
               SELECT * FROM [$(TableName)]					
--------------------------------------------------------------------------------------
*/
USE [AutotinklasDB]
GO
SET IDENTITY_INSERT [dbo].[Padalinys] ON 

GO
INSERT [dbo].[Padalinys] ([id], [adresas], [miestas]) VALUES (1, N'A. Juozapavičiaus 18', N'Kaunas')
GO
INSERT [dbo].[Padalinys] ([id], [adresas], [miestas]) VALUES (2, N'Geležinkelio g. 52', N'Vilnius')
GO
INSERT [dbo].[Padalinys] ([id], [adresas], [miestas]) VALUES (3, N'Dubingių g. 24', N'Klaipėda')
GO
INSERT [dbo].[Padalinys] ([id], [adresas], [miestas]) VALUES (4, N'Saulės g. 21', N'Šiauliai')
GO
INSERT [dbo].[Padalinys] ([id], [adresas], [miestas]) VALUES (5, N'Random g.1 ', N'Vilnius')
GO
SET IDENTITY_INSERT [dbo].[Padalinys] OFF
GO
SET IDENTITY_INSERT [dbo].[Darbuotojas] ON 

GO
INSERT [dbo].[Darbuotojas] ([id], [pavarde], [vardas], [adresas], [telefonas], [fk_Padalinys]) VALUES (1, N'Radvilavičius', N'Tadas', N'A. Juozapavičiaus 21-34', N'863728870', 1)
GO
INSERT [dbo].[Darbuotojas] ([id], [pavarde], [vardas], [adresas], [telefonas], [fk_Padalinys]) VALUES (2, N'Jonaitis', N'Jonas', N'Žemgurių g. 17', N'+37063728870', 2)
GO
SET IDENTITY_INSERT [dbo].[Darbuotojas] OFF
GO
SET IDENTITY_INSERT [dbo].[Marke] ON 

GO
INSERT [dbo].[Marke] ([id], [pavadinimas]) VALUES (1, N'Ford')
GO
INSERT [dbo].[Marke] ([id], [pavadinimas]) VALUES (2, N'Toyota')
GO
INSERT [dbo].[Marke] ([id], [pavadinimas]) VALUES (1003, N'BMW')
GO
INSERT [dbo].[Marke] ([id], [pavadinimas]) VALUES (1004, N'Honda')
GO
INSERT [dbo].[Marke] ([id], [pavadinimas]) VALUES (1005, N'Mercedes Benz')
GO
INSERT [dbo].[Marke] ([id], [pavadinimas]) VALUES (1006, N'Opel')
GO
INSERT [dbo].[Marke] ([id], [pavadinimas]) VALUES (1007, N'Jaguar')
GO
INSERT [dbo].[Marke] ([id], [pavadinimas]) VALUES (1008, N'Dodge')
GO
INSERT [dbo].[Marke] ([id], [pavadinimas]) VALUES (1009, N'Renault')
GO
INSERT [dbo].[Marke] ([id], [pavadinimas]) VALUES (1010, N'Open')
GO
INSERT [dbo].[Marke] ([id], [pavadinimas]) VALUES (1011, N'Hyundai')
GO
INSERT [dbo].[Marke] ([id], [pavadinimas]) VALUES (1012, N'V80')
GO
INSERT [dbo].[Marke] ([id], [pavadinimas]) VALUES (2003, N'BMW')
GO
SET IDENTITY_INSERT [dbo].[Marke] OFF
GO
SET IDENTITY_INSERT [dbo].[Modelis] ON 

GO
INSERT [dbo].[Modelis] ([id], [pavadinimas], [fk_marke]) VALUES (1, N'Mondeo', 1)
GO
INSERT [dbo].[Modelis] ([id], [pavadinimas], [fk_marke]) VALUES (2, N'Corolla', 2)
GO
INSERT [dbo].[Modelis] ([id], [pavadinimas], [fk_marke]) VALUES (1003, N'530', 1003)
GO
INSERT [dbo].[Modelis] ([id], [pavadinimas], [fk_marke]) VALUES (1004, N'Fiesta', 1)
GO
INSERT [dbo].[Modelis] ([id], [pavadinimas], [fk_marke]) VALUES (1005, N'Avensis', 2)
GO
INSERT [dbo].[Modelis] ([id], [pavadinimas], [fk_marke]) VALUES (1006, N'Yaris', 2)
GO
INSERT [dbo].[Modelis] ([id], [pavadinimas], [fk_marke]) VALUES (1007, N'Mustang', 1)
GO
INSERT [dbo].[Modelis] ([id], [pavadinimas], [fk_marke]) VALUES (1008, N'730', 1003)
GO
INSERT [dbo].[Modelis] ([id], [pavadinimas], [fk_marke]) VALUES (1009, N'Clio', 1009)
GO
INSERT [dbo].[Modelis] ([id], [pavadinimas], [fk_marke]) VALUES (1010, N'Corsa', 1006)
GO
INSERT [dbo].[Modelis] ([id], [pavadinimas], [fk_marke]) VALUES (1012, N'Volvo', 1012)
GO
INSERT [dbo].[Modelis] ([id], [pavadinimas], [fk_marke]) VALUES (2003, N'530', 2003)
GO
SET IDENTITY_INSERT [dbo].[Modelis] OFF
GO
INSERT [dbo].[Pakaitinis_automobilis] ([valstybinis_numeris], [metai], [degalu_kiekis], [fk_modelis], [fk_padalinys]) VALUES (N'FWA154', N'2011', 60, 1012, 1)
GO
INSERT [dbo].[Pakaitinis_automobilis] ([valstybinis_numeris], [metai], [degalu_kiekis], [fk_modelis], [fk_padalinys]) VALUES (N'VAR114', N'2014', 50, 1004, 1)
GO
INSERT [dbo].[Pakaitinis_automobilis] ([valstybinis_numeris], [metai], [degalu_kiekis], [fk_modelis], [fk_padalinys]) VALUES (N'VAR504', N'2014', 70, 1003, 1)
GO
INSERT [dbo].[Automobilis] ([valstybinis_numeris], [kebulo_tipas], [kebulo_numeris], [metai], [fk_modelis]) VALUES (N'FAQ123', N'Sedanas', N'VP025562525221', N'2012', 1009)
GO
INSERT [dbo].[Automobilis] ([valstybinis_numeris], [kebulo_tipas], [kebulo_numeris], [metai], [fk_modelis]) VALUES (N'KFL654', N'Sedanas', N'VP505035105603', N'2014', 1010)
GO
INSERT [dbo].[Automobilis] ([valstybinis_numeris], [kebulo_tipas], [kebulo_numeris], [metai], [fk_modelis]) VALUES (N'TXT641', N'Kupė', N'VP05228405140651', N'2015', 2003)
GO
INSERT [dbo].[Automobilis] ([valstybinis_numeris], [kebulo_tipas], [kebulo_numeris], [metai], [fk_modelis]) VALUES (N'VAR123', N'Sedanas', N'VP2561561256156415', N'2007', 2)
GO
SET IDENTITY_INSERT [dbo].[Uzsakymas] ON 

GO
INSERT [dbo].[Uzsakymas] ([uzsakymo_nr], [data], [kliento_vardas], [kliento_pavarde], [kliento_telefonas], [fk_meistras], [fk_automobilis], [fk_pakaitinis_automobilis]) VALUES (6, CAST(0x84380B00 AS Date), N'Tadas', N'Radvilavičius', N'+37063728870', 1, N'VAR123', N'VAR114')
GO
INSERT [dbo].[Uzsakymas] ([uzsakymo_nr], [data], [kliento_vardas], [kliento_pavarde], [kliento_telefonas], [fk_meistras], [fk_automobilis], [fk_pakaitinis_automobilis]) VALUES (7, CAST(0x84380B00 AS Date), N'Petraitis', N'Petras', N'+37068426650', 1, N'FAQ123', N'VAR504')
GO
INSERT [dbo].[Uzsakymas] ([uzsakymo_nr], [data], [kliento_vardas], [kliento_pavarde], [kliento_telefonas], [fk_meistras], [fk_automobilis], [fk_pakaitinis_automobilis]) VALUES (8, CAST(0x573A0B00 AS Date), N'Martynas', N'Martinkūnas', N'+37068741251', 2, N'KFL654', N'FWA154')
GO
INSERT [dbo].[Uzsakymas] ([uzsakymo_nr], [data], [kliento_vardas], [kliento_pavarde], [kliento_telefonas], [fk_meistras], [fk_automobilis], [fk_pakaitinis_automobilis]) VALUES (1003, CAST(0xDC3A0B00 AS Date), N'Henrikas', N'Hendraitis', N'+37063504741', 2, N'TXT641', N'VAR504')
GO
SET IDENTITY_INSERT [dbo].[Uzsakymas] OFF
GO
SET IDENTITY_INSERT [dbo].[Parduotuve] ON 

GO
INSERT [dbo].[Parduotuve] ([id], [pavadinimas], [miestas], [adresas]) VALUES (1, N'Lirosta', N'Kaunas', N'Savanorių pr. 213')
GO
INSERT [dbo].[Parduotuve] ([id], [pavadinimas], [miestas], [adresas]) VALUES (2, N'Intercars', N'Kaunas', N'Taikos pr. 27')
GO
SET IDENTITY_INSERT [dbo].[Parduotuve] OFF
GO
SET IDENTITY_INSERT [dbo].[Autodalis] ON 

GO
INSERT [dbo].[Autodalis] ([id], [pavadinimas], [kaina], [gamintojas], [fk_parduotuve]) VALUES (1, N'Stabdžių diskas', 1499, N'Bosh', 1)
GO
INSERT [dbo].[Autodalis] ([id], [pavadinimas], [kaina], [gamintojas], [fk_parduotuve]) VALUES (2, N'Suportas', 21, N'Bosh', 1)
GO
INSERT [dbo].[Autodalis] ([id], [pavadinimas], [kaina], [gamintojas], [fk_parduotuve]) VALUES (1002, N'Stabdžių kaladėlės', 21, N'Bosh', 1)
GO
SET IDENTITY_INSERT [dbo].[Autodalis] OFF
GO
SET IDENTITY_INSERT [dbo].[Autodalies_uzsakymas] ON 

GO
INSERT [dbo].[Autodalies_uzsakymas] ([id], [kiekis], [fk_autodalis], [fk_uzsakymas]) VALUES (1, 2, 1, 6)
GO
INSERT [dbo].[Autodalies_uzsakymas] ([id], [kiekis], [fk_autodalis], [fk_uzsakymas]) VALUES (2, 4, 1002, 7)
GO
INSERT [dbo].[Autodalies_uzsakymas] ([id], [kiekis], [fk_autodalis], [fk_uzsakymas]) VALUES (3, 2, 1, 8)
GO
SET IDENTITY_INSERT [dbo].[Autodalies_uzsakymas] OFF
GO
INSERT [dbo].[Saskaita] ([saskaitos_numeris], [data], [suma], [fk_uzsakymas]) VALUES (N'2420', CAST(0x84380B00 AS Date), 500, 6)
GO
SET IDENTITY_INSERT [dbo].[Gedimas] ON 

GO
INSERT [dbo].[Gedimas] ([id], [pavadinimas], [fk_uzsakymas]) VALUES (1, N'Padangų keitimas', 8)
GO
INSERT [dbo].[Gedimas] ([id], [pavadinimas], [fk_uzsakymas]) VALUES (2, N'Tepalų keitimas', 6)
GO
INSERT [dbo].[Gedimas] ([id], [pavadinimas], [fk_uzsakymas]) VALUES (4, N'Dirželių keitimas', 6)
GO
INSERT [dbo].[Gedimas] ([id], [pavadinimas], [fk_uzsakymas]) VALUES (5, N'Automobilio diagnostika', 7)
GO
INSERT [dbo].[Gedimas] ([id], [pavadinimas], [fk_uzsakymas]) VALUES (6, N'Test', 7)
GO
INSERT [dbo].[Gedimas] ([id], [pavadinimas], [fk_uzsakymas]) VALUES (8, N'Standartinė apžiūra', 1003)
GO
SET IDENTITY_INSERT [dbo].[Gedimas] OFF
GO
INSERT [dbo].[Login] ([id], [username], [password], [role]) VALUES (1, N'root', N'12345', 0)
GO
INSERT [dbo].[Login] ([id], [username], [password], [role]) VALUES (2, N'user1', N'12345', 1)
GO
INSERT [dbo].[Login] ([id], [username], [password], [role]) VALUES (3, N'shopkeeper', N'12345', 99)
GO

GO

GO
PRINT N'Checking existing data against newly created constraints';


GO
USE [$(DatabaseName)];


GO
ALTER TABLE [dbo].[Autodalies_uzsakymas] WITH CHECK CHECK CONSTRAINT [FK_Autodalies_uzsakymas_Autodalis];

ALTER TABLE [dbo].[Autodalies_uzsakymas] WITH CHECK CHECK CONSTRAINT [FK_Autodalies_uzsakymas_Uzsakymas];

ALTER TABLE [dbo].[Autodalis] WITH CHECK CHECK CONSTRAINT [FK_Autodalis_Parduotuve];

ALTER TABLE [dbo].[Automobilis] WITH CHECK CHECK CONSTRAINT [FK_Automobilis_Modelis];

ALTER TABLE [dbo].[Darbuotojas] WITH CHECK CHECK CONSTRAINT [FK_Darbuotojas_Padalinys];

ALTER TABLE [dbo].[Gedimas] WITH CHECK CHECK CONSTRAINT [FK_Gedimas_Uzsakymas];

ALTER TABLE [dbo].[Modelis] WITH CHECK CHECK CONSTRAINT [FK_Modelis_Marke];

ALTER TABLE [dbo].[Pakaitinis_automobilis] WITH CHECK CHECK CONSTRAINT [FK_Pakaitinis_automobilis_Modelis];

ALTER TABLE [dbo].[Pakaitinis_automobilis] WITH CHECK CHECK CONSTRAINT [FK_Pakaitinis_automobilis_Padalinys];

ALTER TABLE [dbo].[Saskaita] WITH CHECK CHECK CONSTRAINT [FK_Saskaita_Uzsakymas];

ALTER TABLE [dbo].[Uzsakymas] WITH CHECK CHECK CONSTRAINT [FK_Uzsakymas_Automobilis];

ALTER TABLE [dbo].[Uzsakymas] WITH CHECK CHECK CONSTRAINT [FK_Uzsakymas_Darbuotojas];

ALTER TABLE [dbo].[Uzsakymas] WITH CHECK CHECK CONSTRAINT [FK_Uzsakymas_Pakaitinis_automobilis];


GO
PRINT N'Update complete.';


GO
